id_etudiant,nom,age,genre,filiere,ville_origine,boursier,heures_etude_semaine,nb_absences_s1,nb_absences_s2,note_math_s1,note_math_s2,note_info_s1,note_info_s2,note_physique_s1,note_physique_s2,note_economie_s1,note_economie_s2,note_anglais_s1,note_anglais_s2,moyenne_s1,moyenne_s2,mention_s1,mention_s2
ETU0001,Nathan Boyer,24,Homme,Informatique,Paris,Oui,28,7,4,11.9,11.2,16.8,19.4,13.6,8,11.8,10.6,13.3,11.3,13.48,12.1,AB,AB
ETU0002,Victor Roux,19,Homme,Physique,Nantes,Oui,27,2,5,11.6,8.7,10,8.3,16.8,16,15.4,10.4,10.8,12.1,12.92,11.1,AB,Passable
ETU0003,Victor Lefevre,23,Homme,Mathématiques,Bordeaux,Non,20,4,3,12.9,12.6,9.2,9.5,12.6,11.4,14.6,15.2,13,NA,12.46,12.18,AB,Passable
ETU0004,Pierre Vincent,20,Homme,Physique,Paris,Non,21,6,6,12.2,NA,13.2,14.1,10.4,13.7,2.9,5.8,8.2,9.7,9.38,10.82,Insuffisant,Passable
ETU0005,Louise Bernard,21,Femme,Economie,Lyon,Non,14,2,5,11.4,12.2,12.4,13.2,7.4,7.2,16.5,13.4,17.4,17.1,13.02,12.62,AB,AB
ETU0006,Valentine Garnier,20,Femme,Informatique,Paris,Non,18,4,3,14.6,15.7,12.8,13.1,13,13.8,10.2,6.6,7.6,7.7,11.64,11.38,Passable,Passable
ETU0007,Louise Dupont,18,Femme,Economie,Bordeaux,Non,12,8,3,9.6,13.5,12,11.5,6.8,6.8,10.3,12.2,6.5,11,9.04,11,Insuffisant,Passable
ETU0008,Lucie Michel,20,Femme,Informatique,Nantes,Non,12,3,2,9.2,7.4,10.9,8.9,11.6,8.7,10.6,10.3,9.2,10.2,10.3,9.1,Passable,Insuffisant
ETU0009,Raphael Michel,20,Homme,Informatique,Paris,Non,10,5,4,12.2,13.1,19.2,13.4,11.2,11.4,7,9.2,13.1,12.3,12.54,11.88,AB,Passable
ETU0010,Emma Leroy,20,Femme,Physique,Lyon,Non,27,3,6,12.1,12.4,12.4,16.3,16,14.7,14.2,11,9.8,10.4,12.9,12.96,AB,AB
ETU0011,Baptiste Garcia,19,Homme,Informatique,Paris,Non,29,14,3,NA,15,16.3,16.7,5.6,4.6,10,10.4,7.8,16.2,9.93,12.58,Passable,AB
ETU0012,Chloe Blanc,19,Femme,Physique,Lyon,Oui,17,5,0,15.6,17.5,12.6,16.8,10.1,13,8.8,9.9,3.5,11.9,10.12,13.82,Passable,AB
ETU0013,Raphael Fournier,20,Homme,Informatique,Bordeaux,Non,11,7,2,3.8,11,13.6,NA,9.5,8.8,8.8,8.8,12.8,11.6,9.7,10.05,Insuffisant,Passable
ETU0014,Sarah Blanc,21,Femme,Mathématiques,Paris,Non,19,6,3,15.4,14.1,16.4,19.6,10.7,13.2,8.6,9.7,11.8,11.9,12.58,13.7,AB,AB
ETU0015,Thomas Bernard,20,Homme,Informatique,Toulouse,Oui,38,7,7,10.4,13.6,12.8,15.4,8,NA,11.1,10.1,19,19,12.26,14.53,AB,AB
ETU0016,Antoine Petit,23,Homme,Informatique,Marseille,Non,36,6,4,14.7,17.1,16.1,17.9,14,11.9,12.8,13.7,16,14.8,14.72,15.08,B,B
ETU0017,Emma Simon,19,Femme,Informatique,Nantes,Oui,6,7,2,10.3,10.6,14.1,14.3,9.2,12.1,9,7.1,11,9.8,10.72,10.78,Passable,Passable
ETU0018,Marie Simon,20,Femme,Mathématiques,Nantes,Non,17,3,8,19.6,12.3,13.6,9.6,17.4,18.5,11.5,11.3,8.4,7.9,14.1,11.92,B,Passable
ETU0019,Louise Garnier,19,Femme,Physique,Paris,Non,32,4,5,15.8,16,8.4,11.3,16.7,15.6,9.8,11.2,17.2,14.3,13.58,13.68,AB,AB
ETU0020,Camille Mercier,24,Femme,Informatique,Paris,Non,20,3,7,13.9,14,14.9,13.8,13,11.2,14.4,13.1,13.4,15.4,13.92,13.5,AB,AB
ETU0021,Victor Vincent,20,Homme,Informatique,Paris,Non,33,4,4,12.9,15.8,10.7,11.1,9.7,12.7,14,16.1,15,15.7,12.46,14.28,AB,B
ETU0022,Victor Simon,21,Homme,Physique,Lyon,Non,17,3,7,5.8,6,11.9,9.9,16.4,17.8,14.2,10.8,9.2,9.6,11.5,10.82,Passable,Passable
ETU0023,Maxime Leroy,19,Homme,Economie,Nantes,Non,25,7,3,10,11.2,11.6,13.1,14.4,16.7,13.2,13.6,10.4,10.5,11.92,13.02,Passable,AB
ETU0024,Pierre Leroy,18,Homme,Mathématiques,Bordeaux,Non,22,6,3,15.5,17,11.9,13.5,15.7,15.2,13.6,14.2,7.8,8.5,12.9,13.68,AB,AB
ETU0025,Benjamin Roux,20,Homme,Physique,Nantes,Non,46,7,5,11,12.9,12.8,12.7,16.2,15.8,14.4,14.4,14.5,14.2,13.78,14,AB,B
ETU0026,Lea Leroy,23,Femme,Informatique,Bordeaux,Oui,27,6,8,14.4,16.5,14,15.5,9.5,9.1,9.9,6.6,9.9,8.4,11.54,11.22,Passable,Passable
ETU0027,Pierre Dupont,20,Homme,Physique,Nantes,Non,10,6,6,11.8,15.5,12.6,17,14.9,15.2,3,9.4,6.1,8.4,9.68,13.1,Insuffisant,AB
ETU0028,Nicolas Dupont,21,Homme,Informatique,Paris,Non,15,10,4,10.2,11.2,10.1,10.4,6.4,11.3,9,11.2,11.8,9.2,9.5,10.66,Insuffisant,Passable
ETU0029,Clement Fournier,21,Homme,Mathématiques,Bordeaux,Non,23,3,8,15.4,13.3,14.8,17.1,17.8,18.8,13,NA,6.8,7.7,13.56,14.23,AB,B
ETU0030,Pierre Fournier,21,Homme,Physique,Paris,Non,5,7,9,13.5,9.5,13.1,10.5,8.8,8.8,9.3,8.5,8,5.6,10.54,8.58,Passable,Insuffisant
ETU0031,Chloe Lefevre,20,Femme,Physique,Paris,Non,6,9,6,11.2,NA,7.2,12.2,11.1,10.9,9.5,9.9,12.3,11.6,10.26,11.15,Passable,Passable
ETU0032,Marie Garcia,21,Femme,Physique,Nantes,Non,11,4,2,10.9,14.4,15.1,14.3,11.8,11.4,6.6,9.8,NA,12.2,11.1,12.42,Passable,AB
ETU0033,Oceane Andre,20,Femme,Physique,Nantes,Non,17,2,5,16.6,18.6,16.5,14.2,11.5,10.8,9.9,9.2,12.7,11.1,13.44,12.78,AB,AB
ETU0034,Manon Morel,21,Femme,Informatique,Nantes,Non,30,3,4,12.8,13,13.1,13.7,11.6,12.2,8.8,12.2,10.2,13.9,11.3,13,Passable,AB
ETU0035,Lucas Laurent,26,Homme,Economie,Lyon,Non,18,4,12,5.5,5.1,11.4,6.6,11,11.4,13,12,8.1,11.8,9.8,9.38,Insuffisant,Insuffisant
ETU0036,Oceane Martin,23,Femme,Informatique,Bordeaux,Non,21,9,5,17,14.8,13.2,13.1,8.3,9.8,9.7,10.2,10.2,16,11.68,12.78,Passable,AB
ETU0037,Raphael Mercier,21,Homme,Physique,Nantes,Non,19,11,3,8.8,11.2,11.8,11.2,18.4,16.8,9.9,12.6,9.7,9.8,11.72,12.32,Passable,AB
ETU0038,Louise Martin,23,Femme,Informatique,Lyon,Oui,14,4,6,15.5,10.3,15.2,15.7,13,10.4,11.4,7.2,11.9,14.6,13.4,11.64,AB,Passable
ETU0039,Louise Bernard,19,Femme,Informatique,Toulouse,Oui,31,6,3,12.4,14.2,14.4,15.1,15.4,15.9,4,6.1,7.8,9.5,10.8,12.16,Passable,AB
ETU0040,Amelie Garnier,20,Femme,Physique,Bordeaux,Non,11,8,4,17.8,15,17,18.7,10.1,14,7.4,7.8,10.8,11.4,12.62,13.38,AB,AB
ETU0041,Maxime Blanc,21,Homme,Mathématiques,Paris,Oui,18,7,4,18.3,16.2,16.4,15.4,16.1,17.4,5.6,5.9,11,10.7,13.48,13.12,AB,AB
ETU0042,Simon Fournier,19,Homme,Economie,Nantes,Oui,17,6,6,6.7,5.2,8.3,10.5,0.5,3.7,8.3,16.3,9.4,17.1,6.64,10.56,Insuffisant,Passable
ETU0043,Manon Vincent,21,Femme,Physique,Lyon,Non,24,6,5,12.8,13.2,11.7,19.2,19.1,17.2,11.1,10.8,7.1,11.1,12.36,14.3,AB,B
ETU0044,Lucie Moreau,21,Femme,Economie,Toulouse,Non,33,7,1,10.2,13.9,6.4,8.9,8.2,9.5,9.5,11.8,10.9,8.4,9.04,10.5,Insuffisant,Passable
ETU0045,Julie Moreau,19,Femme,Informatique,Lyon,Non,24,3,6,13.6,12.6,19.4,12.6,4.8,4.3,13.5,13.9,13.5,17.6,12.96,12.2,AB,AB
ETU0046,Julie Bernard,20,Femme,Physique,Bordeaux,Non,31,4,4,12.7,10.4,11.7,12.8,15.2,17.2,11.9,14.6,14.4,10,13.18,13,AB,AB
ETU0047,Julie Simon,21,Femme,Informatique,Paris,Non,26,4,6,7.1,9.4,14.3,12.1,12.6,13.6,5.6,4.7,11,9.7,10.12,9.9,Passable,Insuffisant
ETU0048,Louise Martin,21,Femme,Mathématiques,Paris,Non,15,3,4,14.2,17.1,11.7,14.7,10,14.3,10,10.2,7.6,11,10.7,13.46,Passable,AB
ETU0049,Lucie Girard,20,Femme,Mathématiques,Marseille,Oui,21,5,5,15.2,16.8,8.3,12.9,17,17,8.8,12.1,18.8,12.8,13.62,14.32,AB,B
ETU0050,Maxime Bertrand,18,Homme,Informatique,Marseille,Non,31,6,5,13.3,11.6,17.9,14.3,11.7,13.9,5.1,5,15.7,12.6,12.74,11.48,AB,Passable
ETU0051,Amelie Blanc,20,Femme,Physique,Nantes,Non,8,0,3,13.7,13.7,6.3,7.6,11.9,10.2,13.6,13.6,14.1,13,11.92,11.62,Passable,Passable
ETU0052,Maxime Andre,21,Homme,Physique,Marseille,Oui,23,7,3,10.8,12.2,12.1,15.2,7.6,11,4.7,8.8,10.4,13,9.12,12.04,Insuffisant,AB
ETU0053,Oceane Fournier,20,Femme,Mathématiques,Toulouse,Non,19,3,8,19.6,14.4,12.4,12.6,6.6,8.1,11.6,7.4,18,18.2,13.64,12.14,AB,AB
ETU0054,Charlotte Bertrand,19,Femme,Mathématiques,Bordeaux,Non,27,6,2,19.1,17.7,16.7,18.6,15.1,17.1,11.9,14.1,11.2,13.7,14.8,16.24,B,TB
ETU0055,Sarah Lefevre,21,Femme,Physique,Lyon,Oui,26,7,7,18,14.5,14,13.8,17.6,18,6.6,8.8,8.2,10.3,12.88,13.08,AB,AB
ETU0056,Lucie Fournier,22,Femme,Informatique,Paris,Non,22,9,5,11.7,13.1,NA,18,8.2,11.8,6.2,9.2,14.8,15.4,10.22,13.5,Passable,AB
ETU0057,Maxime Martin,21,Homme,Informatique,Nantes,Non,32,4,3,13.3,15.1,18.9,17.8,12.8,8.7,8.7,9,11.8,12.5,13.1,12.62,AB,AB
ETU0058,Chloe Fournier,19,Femme,Mathématiques,Nantes,Oui,8,5,5,12.6,15.4,12.2,15.6,11.8,7.8,NA,NA,8.3,9.9,11.22,12.18,Passable,Passable
ETU0059,Nathan Andre,19,Homme,Economie,Paris,Non,27,4,6,11.6,12.7,16.5,12.4,6.9,6.3,14.7,15.7,13.2,12.7,12.58,11.96,AB,Passable
ETU0060,Nathan Simon,19,Homme,Mathématiques,Paris,Oui,7,3,2,9.7,9.6,15.6,14,10.5,13.4,11.2,10.6,8.4,11.6,11.08,11.84,Passable,Passable
ETU0061,Benjamin Michel,22,Homme,Physique,Bordeaux,Oui,25,7,6,16.8,NA,6.8,11.5,14.2,12.3,9.1,10.3,12.4,10.1,11.86,11.05,Passable,AB
ETU0062,Louise Roux,21,Femme,Informatique,Toulouse,Oui,21,6,2,11.8,12.3,14.5,17.2,9.3,9.3,12,11.9,13,12,12.12,12.54,AB,AB
ETU0063,Camille Garcia,20,Femme,Mathématiques,Paris,Non,28,4,7,17.5,15.8,19,19,14.8,15.3,12.5,13.3,12.5,16.2,15.26,15.92,B,B
ETU0064,Louise Mercier,18,Femme,Informatique,Toulouse,Non,21,4,4,12.7,8.9,13.4,13.5,10.2,9.9,12.5,14.8,9.4,11,11.64,11.62,Passable,Passable
ETU0065,Amelie Andre,19,Femme,Informatique,Nantes,Non,7,6,5,16.1,16.1,9.8,9.2,11.4,8.9,3.1,6,6.5,9.6,9.38,9.96,Insuffisant,Insuffisant
ETU0066,Chloe Mercier,21,Femme,Mathématiques,Bordeaux,Oui,5,7,5,14.9,10.1,11.9,11.1,10.9,11.2,8.9,7.3,5.2,3,10.36,8.54,Passable,Insuffisant
ETU0067,Manon David,23,Femme,Informatique,Lyon,Non,24,2,3,13,12,17.1,18.2,9.8,9,8.8,10.7,14.8,12.4,12.7,12.46,AB,AB
ETU0068,Clement Dupont,21,Homme,Informatique,Paris,Non,19,4,7,8.2,10.8,15.4,NA,10.4,8.2,9.2,8.5,6.4,5,9.92,8.12,Insuffisant,Insuffisant
ETU0069,Marie Moreau,24,Femme,Physique,Toulouse,Non,15,2,7,16.9,13.5,6.7,7.8,13.9,10.3,10.7,12,14.4,12.9,12.52,11.3,AB,Passable
ETU0070,Raphael Lefebvre,24,Homme,Economie,Nantes,Non,18,3,6,9.7,13.4,8.2,10.3,10.5,8.6,19.6,19,14,15.3,12.4,13.32,AB,AB
ETU0071,Emma Bertrand,21,Femme,Informatique,Paris,Oui,15,2,3,7.3,10.6,16.5,16.2,13.6,13.6,16.2,16.9,12.8,5.1,13.28,12.48,AB,AB
ETU0072,Nicolas Lefebvre,22,Homme,Informatique,Bordeaux,Oui,19,2,9,11.7,10.7,11.5,9.8,10.1,8.8,11.6,10.8,12.7,8.5,11.52,9.72,Passable,Insuffisant
ETU0073,Clara Fournier,20,Femme,Economie,Nantes,Non,13,5,6,7.8,10.7,9.1,9.8,10.3,11.3,19.2,14.8,9.8,6.9,11.24,10.7,Passable,Passable
ETU0074,Amelie Leroy,21,Femme,Economie,Paris,Oui,5,2,5,5.8,8.8,17.3,12.2,9.6,9.4,13.4,13.3,13.3,17.6,11.88,12.26,Passable,AB
ETU0075,Alice Blanc,24,Femme,Physique,Nantes,Non,18,4,9,17.4,11.5,4.7,6,8.9,10.2,2.2,3.1,12.7,15.8,9.18,9.32,Insuffisant,Insuffisant
ETU0076,Sarah Garnier,20,Femme,Physique,Nantes,Oui,28,2,8,11.1,12.8,10,5,NA,12,11.5,3.8,11.8,9.9,11.1,8.7,Passable,Insuffisant
ETU0077,Raphael Blanc,20,Homme,Physique,Nantes,Non,35,8,2,11.4,11.8,9.7,10.6,13.3,14.7,11.4,11.3,14.7,11.9,12.1,12.06,AB,AB
ETU0078,Alexandre Francois,20,Homme,Economie,Nantes,Non,20,1,2,9.5,9,8.5,11.2,6.3,7,16.2,17.2,9.8,NA,10.06,11.1,Passable,Insuffisant
ETU0079,Clement Fournier,20,Homme,Informatique,Nantes,Oui,19,5,9,NA,11.6,16.9,14.6,15.8,17.6,14.4,8.5,5.4,6.2,13.12,11.7,AB,Passable
ETU0080,Baptiste Girard,20,Homme,Mathématiques,Paris,Non,28,6,3,15.2,17.2,8.5,11.9,6.4,5.8,11,10,12.3,11.8,10.68,11.34,Passable,Passable
ETU0081,Alice Chevalier,20,Femme,Informatique,Paris,Oui,20,8,8,7.2,7.2,11.2,10.2,6.5,5.1,9.9,9.6,6.1,5.5,8.18,7.52,Insuffisant,Insuffisant
ETU0082,Alexandre Dupont,21,Homme,Physique,Toulouse,Oui,17,7,3,15.2,14.1,11,9.4,19,19.6,5.2,2.8,8.2,NA,11.72,11.47,Passable,Passable
ETU0083,Sarah Guerin,21,Femme,Mathématiques,Bordeaux,Non,6,10,4,4.5,6.1,9.2,8.7,10.8,14,14.5,10.1,10,8.7,9.8,9.52,Insuffisant,Insuffisant
ETU0084,Nathan Dupont,25,Homme,Informatique,Marseille,Oui,10,3,1,14,12.4,14.8,12.7,17.4,16.8,10.4,7.8,6.8,NA,12.68,12.43,AB,Passable
ETU0085,Maxime Morel,20,Homme,Economie,Paris,Oui,23,4,4,9.5,9.6,9.2,7.9,15,NA,19.2,13.6,8.4,8.7,12.26,9.95,AB,Passable
ETU0086,Lea Robert,21,Femme,Physique,Toulouse,Non,8,4,5,14.4,12.3,10.2,12.8,10,13.3,5.5,3.5,9.3,12.2,9.88,10.82,Insuffisant,Passable
ETU0087,Clara Laurent,20,Femme,Economie,Nantes,Non,28,6,3,12.3,13.6,9.2,11.2,12.6,14.1,15.1,14.4,16.6,16.6,13.16,13.98,AB,AB
ETU0088,Benjamin Fournier,21,Homme,Informatique,Nantes,Non,9,6,1,7.9,9.7,11,9.9,11.5,10.7,16.2,14.3,10.4,10.2,11.4,10.96,Passable,Passable
ETU0089,Clement Leroy,20,Homme,Informatique,Bordeaux,Oui,18,3,4,10.8,12.1,17.7,NA,14.2,17.3,NA,14.7,14.2,10.2,14.22,13.57,B,AB
ETU0090,Thomas Mercier,21,Homme,Informatique,Lyon,Oui,20,7,7,7.4,12.5,18.8,15.6,14.6,10.2,12,12.4,10.8,14,12.72,12.94,AB,AB
ETU0091,Victor Lefebvre,23,Homme,Economie,Lyon,Non,20,7,6,13.9,10.8,12.9,14.9,10.3,10.1,14.8,13,10.5,8,12.48,11.36,AB,Passable
ETU0092,Louise Leroy,22,Femme,Physique,Nantes,Non,21,6,5,11.2,9.9,17.6,13.7,14.5,14.2,8.2,9.8,11.2,12.1,12.54,11.94,AB,Passable
ETU0093,Lucas Girard,20,Homme,Mathématiques,Toulouse,Non,25,3,3,14.7,13.7,13.2,15.4,10.2,12.4,3.6,2,17.2,13.4,11.78,11.38,Passable,Passable
ETU0094,Emma Garcia,20,Femme,Physique,Toulouse,Non,19,6,6,13.3,8.9,9.5,11.4,18.1,19.1,7.7,3.9,9.4,12.8,11.6,11.22,Passable,Passable
ETU0095,Sarah David,20,Femme,Physique,Nantes,Non,18,3,4,13.9,13.5,10.1,7.8,15.8,13.5,9.7,10.5,10.6,11.4,12.02,11.34,AB,Passable
ETU0096,Lucie Simon,21,Femme,Informatique,Bordeaux,Oui,21,5,5,7.6,9.8,7.7,11.2,9.7,8.8,13.1,14.7,13.8,16.1,10.38,12.12,Passable,AB
ETU0097,Simon David,22,Homme,Mathématiques,Lyon,Non,17,5,5,14.2,13.6,10.9,15.2,14.8,13.6,11.7,12.3,13.8,12.7,13.08,13.48,AB,AB
ETU0098,Marie Morel,19,Femme,Informatique,Marseille,Non,32,3,9,13.8,13.8,12.5,11.6,19.6,15.7,12.5,11.3,NA,10.2,14.6,12.52,AB,AB
ETU0099,Camille Garnier,21,Femme,Informatique,Toulouse,Oui,5,5,5,11.8,10.4,15.2,NA,10.2,9.6,6.3,12.2,12.9,15.2,11.28,11.85,Passable,AB
ETU0100,Louise Bertrand,21,Femme,Informatique,Paris,Oui,28,5,6,16.6,15.1,16.6,18.9,10.2,12.6,8.7,13.2,15.1,10.7,13.44,14.1,AB,B
ETU0101,Marie Boyer,20,Femme,Informatique,Bordeaux,Non,18,5,5,11.7,13.9,19.2,17.6,9.4,10.1,12.8,16.6,12.4,9.8,13.1,13.6,AB,AB
ETU0102,Alice Guerin,20,Femme,Informatique,Lyon,Non,23,7,6,15.2,12.7,11.8,10.3,10.4,4.4,12.4,10.9,10.8,9,12.12,9.46,AB,Insuffisant
ETU0103,Mathis Laurent,21,Homme,Physique,Nantes,Non,28,5,9,11.1,10,10.4,9.5,17,16,9.2,5.8,17.1,14.3,12.96,11.12,AB,Passable
ETU0104,Chloe Garcia,20,Femme,Mathématiques,Bordeaux,Non,27,3,1,11.8,9.2,9.7,12.5,11.7,16,14.4,13.7,17.9,12.2,13.1,12.72,AB,AB
ETU0105,Arthur Robert,23,Homme,Informatique,Bordeaux,Non,15,4,4,12.8,12.2,18.2,15.7,7.1,4.4,9.7,10,9.5,12.2,11.46,10.9,Passable,Passable
ETU0106,Lucie Garcia,18,Femme,Economie,Bordeaux,Oui,33,7,7,13.1,12.4,9.1,7.4,8.1,6.2,13.3,13,12.6,17.8,11.24,11.36,Passable,Passable
ETU0107,Sophie Francois,20,Femme,Physique,Nantes,Non,7,5,3,13.2,12,12.2,11.9,15.4,15,10.2,12.8,7.9,4,11.78,11.14,Passable,Passable
ETU0108,Benjamin Leroy,21,Homme,Informatique,Nantes,Non,27,6,4,9.9,13,9.1,11.1,10.7,11.4,11,11.8,12.5,12,10.64,11.86,Passable,Passable
ETU0109,Clara Girard,20,Femme,Economie,Paris,Non,16,9,7,11.6,7,10.2,8.6,5.4,7.1,NA,14.4,11.8,10.3,9.75,9.48,Passable,Insuffisant
ETU0110,Baptiste Robert,20,Homme,Informatique,Lyon,Non,5,5,1,13.3,9,9.1,9.9,10.3,10.5,8.1,10.2,8.7,8.2,9.9,9.56,Insuffisant,Insuffisant
ETU0111,Manon Vincent,21,Femme,Informatique,Toulouse,Non,5,5,6,10.7,9.6,10.7,9.7,9.8,7.1,10.8,10.4,9.6,7.2,10.32,8.8,Passable,Insuffisant
ETU0112,Hugo Garnier,18,Homme,Mathématiques,Toulouse,Non,22,5,5,14.1,16.6,5.6,7.7,16.2,11.8,12.2,10.2,14.8,11.7,12.58,11.6,AB,Passable
ETU0113,Marie Simon,20,Femme,Informatique,Paris,Oui,38,2,5,10.7,10.9,19.3,19.2,19.7,NA,13.1,13.8,18.3,13.2,16.22,14.28,TB,B
ETU0114,Thomas Thomas,21,Homme,Informatique,Bordeaux,Oui,22,9,5,18.6,13.4,18.6,18.1,12.5,9.3,9.6,9.9,14.3,12.8,14.72,12.7,B,AB
ETU0115,Amelie Chevalier,21,Femme,Physique,Bordeaux,Oui,29,3,6,12.6,12.7,9.2,11.1,16.8,12,9.1,10.4,12.9,14,12.12,12.04,AB,AB
ETU0116,Manon Michel,18,Femme,Informatique,Bordeaux,Oui,27,5,6,NA,12,18.2,19.1,11.2,13.1,11.8,17.4,10.2,11.6,12.85,14.64,AB,B
ETU0117,Alexandre Garnier,20,Homme,Informatique,Paris,Oui,15,3,2,11.2,14.2,16.4,19,13.6,12.9,9.7,NA,12,9.6,12.58,13.93,AB,AB
ETU0118,Simon Morel,22,Homme,Informatique,Nantes,Non,28,3,6,12.9,13.1,16.7,12.8,11.7,12,8.4,11,15.1,8.8,12.96,11.54,AB,Passable
ETU0119,Nicolas David,24,Homme,Physique,Nantes,Non,23,3,7,15,14.8,9.2,13.8,10.1,10.2,9,8.9,16.4,17,11.94,12.94,Passable,AB
ETU0120,Sophie Roux,25,Femme,Physique,Bordeaux,Non,22,6,6,14.8,14.4,13.4,11.2,19.1,13.5,12.1,14.6,10.7,9.9,14.02,12.72,B,AB
ETU0121,Victor Dupont,20,Homme,Mathématiques,Nantes,Oui,28,2,6,13.4,13.4,11.4,9.4,19.4,18.3,NA,9.6,13.5,11.5,14.43,12.44,AB,AB
ETU0122,Valentine Simon,20,Femme,Economie,Lyon,Oui,26,4,10,8.1,8.4,12.4,10.8,8.9,13.5,15.6,17.3,13.4,13.2,11.68,12.64,Passable,AB
ETU0123,Camille Roux,21,Femme,Mathématiques,Nantes,Oui,15,0,7,13.5,12.5,9.7,12.3,13.4,16.6,10.8,10.1,11.2,14.1,11.72,13.12,Passable,AB
ETU0124,Charlotte Blanc,20,Femme,Informatique,Paris,Non,23,3,9,9.6,9.2,15,15.8,12,12.2,13.2,13.2,11.9,9.2,12.34,11.92,AB,Passable
ETU0125,Lucie Durand,19,Femme,Mathématiques,Paris,Non,13,6,4,10.1,10.7,10.3,11.4,10.7,9.5,12.7,7.4,7,7.2,10.16,9.24,Passable,Insuffisant
ETU0126,Maxime Bertrand,18,Homme,Mathématiques,Toulouse,Oui,25,1,5,17,16.4,16.5,16.4,8.3,8.4,7.8,5.8,9.4,12.1,11.8,11.82,Passable,Passable
ETU0127,Hugo Bernard,20,Homme,Informatique,Paris,Non,17,6,1,14.5,15.4,16.6,12.2,13,10.4,10.9,8.2,12.5,12.8,13.5,11.8,AB,Passable
ETU0128,Lucie Robert,23,Femme,Economie,Paris,Non,24,6,5,10.8,13.2,12,11.6,6,6.3,13.8,NA,13.6,11.7,11.24,10.7,Passable,Passable
ETU0129,Thomas Michel,22,Homme,Physique,Paris,Non,23,4,4,17.3,12.8,9.7,9.2,15.2,13.9,15.5,12.9,18.8,18.1,15.3,13.38,B,AB
ETU0130,Baptiste Fournier,22,Homme,Informatique,Lyon,Non,18,4,3,14.9,15.9,19.2,18.6,14.8,14.4,10.1,10.9,14.6,14.2,14.72,14.8,B,B
ETU0131,Simon Leroy,24,Homme,Economie,Paris,Non,24,3,3,13.8,10.8,11.6,13.9,9.9,7.3,13.2,6.4,14.5,15.9,12.6,10.86,AB,Passable
ETU0132,Camille Lefevre,21,Femme,Informatique,Marseille,Oui,25,7,7,19,10.8,12.8,13.8,8.6,10.6,14.9,12.6,13.8,15.1,13.82,12.58,AB,AB
ETU0133,Mathis Lefevre,21,Homme,Mathématiques,Marseille,Oui,18,3,11,14.4,13.4,16.7,13.2,12.4,14,8.2,8.4,10.1,12.2,12.36,12.24,AB,AB
ETU0134,Pierre Robert,20,Homme,Mathématiques,Toulouse,Oui,29,3,3,15.1,16.9,11.1,10.7,9.6,12.1,9.6,12.4,8.1,13.8,10.7,13.18,Passable,AB
ETU0135,Manon Thomas,22,Femme,Physique,Nantes,Oui,31,6,4,14.6,13,9,11,13.6,17.8,8.8,11.6,12,12.8,11.6,13.24,Passable,AB
ETU0136,Louise Guerin,20,Femme,Informatique,Paris,Non,15,5,5,15.9,13.8,14.8,16.4,12.1,9.2,9.1,7,11.6,9.8,12.7,11.24,AB,Passable
ETU0137,Camille Durand,19,Femme,Informatique,Paris,Non,14,5,4,13.4,11.5,19,19.4,6.8,8.8,11.8,16.8,10.2,14.3,12.24,14.16,AB,B
ETU0138,Clement Roux,20,Homme,Physique,Bordeaux,Non,24,4,7,10.6,9.9,8,13.4,13.9,13.5,6.8,6.4,18,12.9,11.46,11.22,Passable,Passable
ETU0139,Maxime Morel,23,Homme,Physique,Lyon,Non,13,6,7,9.2,11.4,10.8,9.6,12.9,14.4,4.9,9.5,NA,9.8,9.45,10.94,Insuffisant,Passable
ETU0140,Manon Morel,20,Femme,Informatique,Toulouse,Oui,16,6,5,7,6.6,19.1,18.4,7.5,16.6,10.1,4.8,12,12.8,11.14,11.84,Passable,Passable
ETU0141,Arthur Francois,20,Homme,Mathématiques,Marseille,Non,26,5,6,14.9,10.8,18,16,14.8,13.1,4.2,8.6,10.2,11.3,12.42,11.96,AB,Passable
ETU0142,Arthur David,21,Homme,Economie,Lyon,Non,15,4,6,8.4,7.9,8.7,4.7,8.5,9.6,14.8,9.6,17.9,13.4,11.66,9.04,Passable,Insuffisant
ETU0143,Manon David,22,Femme,Physique,Lyon,Non,5,6,6,15.6,13.6,13,9.8,14.5,9.8,4,6.2,8.4,9.5,11.1,9.78,Passable,Insuffisant
ETU0144,Arthur Morel,20,Homme,Informatique,Marseille,Non,25,7,9,10.8,9.7,17,16.1,5.2,7,10.5,6,13.5,13.1,11.4,10.38,Passable,Passable
ETU0145,Clement Simon,21,Homme,Physique,Toulouse,Oui,7,6,12,13.1,11,11.2,12.7,15.3,13.9,10.1,7.4,10.8,9.2,12.1,10.84,AB,Passable
ETU0146,Clement Laurent,21,Homme,Mathématiques,Paris,Non,9,5,10,11.6,10.7,9.7,8.4,15.2,14.3,12.8,11.9,10.8,9.6,12.02,10.98,AB,Passable
ETU0147,Alice Simon,18,Femme,Mathématiques,Nantes,Non,5,6,5,15.8,18.4,9.9,12.8,12.8,16.4,12.1,6.6,12.3,13.2,12.58,13.48,AB,AB
ETU0148,Camille Michel,20,Femme,Informatique,Bordeaux,Oui,27,10,8,10.3,11.3,12.8,13.2,8,NA,12.4,14.4,12.1,15.5,11.12,13.6,Passable,AB
ETU0149,Benjamin Blanc,23,Homme,Informatique,Marseille,Non,22,6,10,11.3,15.3,16.7,17,12.5,12,11.9,8.2,12.8,13.4,13.04,13.18,AB,AB
ETU0150,Louise Bertrand,24,Femme,Informatique,Paris,Non,24,12,9,13.4,9.2,16,15.8,4,8.1,9.5,5.6,12.3,11.1,11.04,9.96,Passable,Insuffisant
ETU0151,Oceane Boyer,20,Femme,Economie,Nantes,Non,27,9,5,9.1,4.8,13.7,14.1,5.4,4.7,12.7,12.2,15.5,11.2,11.28,9.4,Passable,Insuffisant
ETU0152,Alice Dupont,19,Femme,Informatique,Nantes,Non,20,6,3,11.8,14,12.2,17.4,16.3,17.6,11.1,16.2,9.2,12.1,12.12,15.46,AB,B
ETU0153,Nathan Garcia,21,Homme,Mathématiques,Paris,Non,11,3,2,11,9.1,6,10.1,NA,15.1,10.7,9.5,14.4,9.8,10.53,10.72,Passable,Passable
ETU0154,Alexandre Morel,21,Homme,Informatique,Nantes,Oui,25,3,4,16.9,13.1,16,15.6,10.5,13.2,13.9,14.4,16.6,12.2,14.78,13.7,B,AB
ETU0155,Arthur Lefevre,22,Homme,Informatique,Nantes,Non,30,9,1,15.3,16.2,12.8,14,15.8,18.6,11.3,10.8,10.8,9.7,13.2,13.86,AB,AB
ETU0156,Arthur Lefevre,20,Homme,Informatique,Nantes,Non,8,5,11,13.7,14.2,18.4,15.5,13.8,10.9,10.8,10.8,10.6,9.9,13.46,12.26,AB,AB
ETU0157,Victor Fournier,22,Homme,Economie,Lyon,Non,15,4,6,13.3,14.6,NA,7.8,7.3,10.4,14.8,18.6,14.1,12.4,12.38,12.76,Passable,AB
ETU0158,Raphael Dupont,18,Homme,Informatique,Nantes,Oui,18,4,7,13.1,12.8,12.7,12.5,11,9,17.1,11.9,12.1,12.4,13.2,11.72,AB,Passable
ETU0159,Clement Petit,20,Homme,Economie,Marseille,Oui,10,5,3,6.3,5,NA,10.6,5.2,9.6,14.4,11.6,9.3,9.1,8.8,9.18,Insuffisant,Insuffisant
ETU0160,Oceane Roux,20,Femme,Mathématiques,Marseille,Oui,26,8,7,12.6,13,12.7,16,15.7,18.4,8.8,8.4,15.5,7.6,13.06,12.68,AB,AB
ETU0161,Lucas Moreau,19,Homme,Mathématiques,Marseille,Non,15,5,5,10.8,13.8,14.8,17,10.8,12.2,9.3,13.4,13.7,15.1,11.88,14.3,Passable,B
ETU0162,Charlotte Durand,22,Femme,Informatique,Bordeaux,Oui,30,8,8,10.4,12,10.8,13.5,8.5,9.9,8.3,10.4,NA,14.5,9.5,12.06,Passable,AB
ETU0163,Charlotte David,20,Femme,Informatique,Nantes,Non,20,4,9,15,10.7,13.3,12.8,8.9,9.8,12.8,11.8,14.9,13.8,12.98,11.78,AB,Passable
ETU0164,Hugo Chevalier,18,Homme,Informatique,Nantes,Oui,26,4,7,16.1,9.8,13.2,13.8,NA,14.8,12.7,10.1,11.1,12.5,13.28,12.2,AB,AB
ETU0165,Sarah Francois,19,Femme,Informatique,Bordeaux,Non,32,0,6,14.9,17.2,16.5,10.6,14.2,12,10.8,8.9,15.3,13.1,14.34,12.36,B,AB
ETU0166,Sophie Boyer,19,Femme,Informatique,Bordeaux,Oui,22,5,9,NA,15,17,15.8,6.2,6.4,3.8,7.1,11.1,10.3,9.53,10.92,Passable,Passable
ETU0167,Pierre Roux,19,Homme,Mathématiques,Toulouse,Non,29,4,4,13.6,14.9,10.4,8.9,12.5,15.8,10.1,10.1,13.8,13.2,12.08,12.58,AB,AB
ETU0168,Simon Dupont,24,Homme,Informatique,Paris,Non,22,3,3,16,11.9,12.7,9.8,13.2,11.4,12.8,12.2,8.7,10.9,12.68,11.24,AB,Passable
ETU0169,Julie Bertrand,20,Femme,Physique,Paris,Oui,8,5,1,15.1,11.3,10.4,14.3,13.8,14.4,7.8,7.2,8.9,11.7,11.2,11.78,Passable,Passable
ETU0170,Raphael Blanc,20,Homme,Mathématiques,Lyon,Non,20,7,4,12.4,19.4,12.5,14,13.9,13.4,14.8,13.9,7.4,4.7,12.2,13.08,AB,AB
ETU0171,Lucie Simon,21,Femme,Mathématiques,Paris,Non,26,2,3,16.8,NA,NA,6.8,17.9,19.4,11.7,13.7,10.8,9.8,14.3,12.42,AB,AB
ETU0172,Simon Boyer,20,Homme,Informatique,Nantes,Non,24,6,4,15.4,14.2,11.8,14.7,8,11.8,11.6,9.5,14.5,9.9,12.26,12.02,AB,AB
ETU0173,Amelie Guerin,22,Femme,Economie,Paris,Non,19,6,4,11.9,10.7,8.3,10.8,6.8,8.3,12.8,11.7,9.8,10.9,9.92,10.48,Insuffisant,Passable
ETU0174,Julie Francois,21,Femme,Informatique,Nantes,Non,10,8,4,3.7,7.9,12.1,13.8,12.8,13.5,3.7,5.7,8.6,9.5,8.18,10.08,Insuffisant,Passable
ETU0175,Thomas Lefevre,22,Homme,Informatique,Bordeaux,Non,25,4,6,11.4,10.3,11.8,10.4,11.9,11.8,12.7,10.6,9.3,8.4,11.42,10.3,Passable,Passable
ETU0176,Chloe Mercier,18,Femme,Mathématiques,Nantes,Non,13,3,4,13.9,16.8,11.6,11,19.6,19.4,11.2,12.3,8.1,4.9,12.88,12.88,AB,AB
ETU0177,Raphael Durand,21,Homme,Informatique,Toulouse,Non,10,8,6,11.7,13.6,7.4,10.8,9.8,9.4,8.5,7.8,11.9,10.6,9.86,10.44,Insuffisant,Passable
ETU0178,Chloe Garnier,21,Femme,Informatique,Toulouse,Non,25,6,9,14.5,13.7,8.8,9.5,NA,15,8.5,8.2,10.9,13.6,10.68,12,Passable,AB
ETU0179,Manon Petit,21,Femme,Mathématiques,Bordeaux,Oui,10,5,5,15.2,14.2,11.4,9.8,13.4,16,13.9,12.6,12.2,9.9,13.22,12.5,AB,AB
ETU0180,Valentine Girard,23,Femme,Physique,Marseille,Non,22,4,3,9.9,12.2,7.4,8.2,12.8,12.6,8.2,7.9,14.2,12.7,10.5,10.72,Passable,Passable
ETU0181,Sophie Lefevre,19,Femme,Informatique,Lyon,Non,20,3,5,5.8,5.6,14.2,11.9,10.5,10.8,10.8,10.7,11.2,11.8,10.5,10.16,Passable,Passable
ETU0182,Chloe Petit,20,Femme,Economie,Bordeaux,Non,9,7,6,8.6,8.5,5.8,4.6,0.6,2.3,16.8,14.7,12.2,12,8.8,8.42,Insuffisant,Insuffisant
ETU0183,Chloe Dupont,20,Femme,Mathématiques,Paris,Non,29,5,4,13.8,16.7,11.6,11.2,16.2,16.4,14.1,11.8,11.3,12.7,13.4,13.76,AB,AB
ETU0184,Alexandre Petit,20,Homme,Mathématiques,Nantes,Oui,15,8,9,10.1,5.2,15.6,11,13.4,9.2,10,8.8,13.3,11.2,12.48,9.08,AB,Insuffisant
ETU0185,Lucie Lefebvre,19,Femme,Informatique,Bordeaux,Non,30,5,5,15.6,14.8,16.4,15.1,12.8,12.4,14.2,16.4,17.6,14.2,15.32,14.58,B,B
ETU0186,Camille Chevalier,23,Femme,Physique,Nantes,Non,16,3,1,12.9,12.3,11.5,10.2,14.2,16.6,13.8,14,17.2,17.2,13.92,14.06,AB,B
ETU0187,Sarah Garcia,21,Femme,Economie,Nantes,Oui,15,7,5,4.4,4.2,12.8,8.4,12.8,10.9,11.9,12.4,11.3,7.2,10.64,8.62,Passable,Insuffisant
ETU0188,Alexandre Mercier,18,Homme,Economie,Lyon,Non,20,6,7,11.6,10.9,11.6,11.3,7.3,7.3,15,9.8,11.9,11.3,11.48,10.12,Passable,Passable
ETU0189,Valentine Bernard,21,Femme,Physique,Paris,Non,17,4,6,8.8,11.4,14.3,12.3,16.4,15,13.4,9.1,15.4,14.5,13.66,12.46,AB,AB
ETU0190,Alice Michel,21,Femme,Mathématiques,Nantes,Oui,17,3,3,16.7,15.5,13.8,14.2,12,12.4,8.9,12.4,5.8,8.4,11.44,12.58,Passable,AB
ETU0191,Antoine Garnier,23,Homme,Informatique,Toulouse,Oui,13,1,9,12.2,14.2,12.2,11.5,15.2,10.5,11.3,10.8,9.3,5.2,12.04,10.44,AB,Passable
ETU0192,Marie Laurent,19,Femme,Mathématiques,Paris,Non,10,6,8,14.3,16.4,10.7,13.1,11.2,8.8,6.9,3.7,12.9,13,11.2,11,Passable,Passable
ETU0193,Clara Lefevre,22,Femme,Physique,Bordeaux,Oui,25,2,3,14.1,17.4,12.9,13.2,19.7,16.9,7.8,9.7,11,14.6,13.1,14.36,AB,B
ETU0194,Clara Andre,21,Femme,Economie,Nantes,Oui,14,2,7,9.9,11.2,18.1,15.8,11.8,10.2,16.3,14.8,12.2,7.9,13.66,11.98,AB,Passable
ETU0195,Emma Lefebvre,22,Femme,Mathématiques,Lyon,Non,9,3,8,12.5,9.6,12.6,12.6,12,10.5,8.2,8.8,13.2,9.9,11.7,10.28,Passable,Passable
ETU0196,Alice Fournier,20,Femme,Physique,Nantes,Non,16,10,6,15.1,19.1,14.7,15.9,10.7,15.2,6.2,8.7,10.5,8.9,11.44,13.56,Passable,AB
ETU0197,Pierre Bernard,18,Homme,Physique,Paris,Non,14,6,6,11.5,15.2,11.5,9.8,15.4,14.8,5.2,10.6,6.6,9,10.04,11.88,Passable,Passable
ETU0198,Lucas Andre,24,Homme,Informatique,Nantes,Non,5,11,5,9.2,12.3,12.9,13.8,5.6,6.6,0,6.8,7.2,7.8,6.98,9.46,Insuffisant,Insuffisant
ETU0199,Sarah Robert,19,Femme,Informatique,Toulouse,Non,18,4,2,9.2,11.2,8.7,7.4,14.1,11.1,8.2,12.1,14.4,8.1,10.92,9.98,Passable,Insuffisant
ETU0200,Lucie Michel,21,Femme,Physique,Nantes,Non,21,7,1,10.8,9.3,5.7,11.7,12.3,15.7,4.7,6.3,8.2,13.7,8.34,11.34,Insuffisant,Passable
